{
  "transaction_id": "txn_074e4ced98a889b919737878717687e8",
  "policy_id": "credit_policy",
  "policy_version": "v4",
  "policy_hash": "sha256:660e9b22015bf0f67e497b97a033d89c70269339b12cc2399fb63da4e19ca117",
  "decision_type": "loan_approval",
  "confidence": 0.92,
  "input": {
    "input_hash": "sha256:119abc9fe8b249f3b3929dac98e1aa116d0b2b4534f9e8e896dfcc2f4d702a21"
  },
  "output": {
    "output_hash": "sha256:b1062e34c1f2966e10397b7e452fa0b34a819c7d9b522c4dd4f62ed7fd852923"
  },
  "context": {
    "context_hash": "sha256:e85209fffcf40ae29b63501e0b134bd3985738b6120905a28fe6480ca0615796"
  },
  "timestamp": "2025-12-16T21:42:37.058Z",
  "model": {}
}